City_ID,City,Country,Date,Lat,Lng,Max Temp,Humidity,Cloudiness,Wind Speed
0,Chimbote,PE,2021-10-24 03:01:53,-9.0853,-78.5783,62.24,88,43,9.24
1,Avarua,CK,2021-10-24 02:58:24,-21.2078,-159.775,75.25,53,75,5.75
2,Batagay,RU,2021-10-24 03:01:54,67.6333,134.6333,7.3,92,100,3.8
3,Castro,BR,2021-10-24 03:01:12,-24.7911,-50.0119,58.55,97,100,5.7
4,Ushuaia,AR,2021-10-24 03:01:55,-54.8,-68.3,30.63,94,90,4.52
5,Apiai,BR,2021-10-24 03:01:55,-24.5094,-48.8425,58.33,100,100,1.81
6,Bluff,NZ,2021-10-24 03:01:56,-46.6,168.3333,52.32,94,100,5.99
7,Kearney,US,2021-10-24 03:01:56,40.6995,-99.0815,54.0,77,100,3.0
8,Balakhninskiy,RU,2021-10-24 03:01:56,58.0106,114.2769,35.17,79,82,3.91
9,Mogadishu,SO,2021-10-24 02:57:53,2.0371,45.3438,79.14,81,11,10.58
10,Mahebourg,MU,2021-10-24 03:01:57,-20.4081,57.7,77.25,71,77,12.8
11,Saint-Philippe,RE,2021-10-24 03:01:57,-21.3585,55.7679,74.75,82,40,13.56
12,Mataura,NZ,2021-10-24 03:01:58,-46.1927,168.8643,66.97,56,99,3.89
13,Ilulissat,GL,2021-10-24 02:59:50,69.2167,-51.1,14.02,97,100,3.51
14,Inuvik,CA,2021-10-24 03:01:58,68.3499,-133.7218,18.37,95,22,3.47
15,Busselton,AU,2021-10-24 03:01:58,-33.65,115.3333,77.04,58,99,7.49
16,Bambous Virieux,MU,2021-10-24 02:59:22,-20.3428,57.7575,77.22,83,40,11.5
17,Adrar,MR,2021-10-24 03:01:59,20.5022,-10.0711,78.17,16,35,9.17
18,Hermanus,ZA,2021-10-24 02:57:51,-34.4187,19.2345,54.9,71,23,4.9
19,Barrow,US,2021-10-24 03:01:59,71.2906,-156.7887,30.22,80,90,14.97
20,Dryden,CA,2021-10-24 03:00:16,49.7833,-92.7503,35.89,87,90,4.61
21,Kaitangata,NZ,2021-10-24 03:02:00,-46.2817,169.8464,58.98,70,84,6.44
22,Rikitea,PF,2021-10-24 02:57:47,-23.1203,-134.9692,74.91,79,100,19.22
23,Lebu,CL,2021-10-24 03:02:00,-37.6167,-73.65,48.81,93,13,5.59
24,Port Alfred,ZA,2021-10-24 03:02:01,-33.5906,26.891,56.64,72,27,13.65
25,Toora-Khem,RU,2021-10-24 03:02:01,52.4675,96.11,34.68,68,97,3.09
26,Sturgis,US,2021-10-24 02:57:03,41.7992,-85.4192,41.14,53,1,5.75
27,Maraa,BR,2021-10-24 03:02:02,-1.8333,-65.3667,76.48,89,77,2.53
28,Chokurdakh,RU,2021-10-24 03:02:03,70.6333,147.9167,-2.11,97,99,5.48
29,Santa Maria,BR,2021-10-24 03:01:24,-29.6842,-53.8069,58.66,97,78,5.97
30,Puerto Ayora,EC,2021-10-24 03:02:04,-0.7393,-90.3518,68.88,89,79,7.85
31,Albany,US,2021-10-24 03:00:15,42.6001,-73.9662,46.81,82,60,4.94
32,Butaritari,KI,2021-10-24 03:02:04,3.0707,172.7902,81.21,72,40,7.81
33,Bengkulu,ID,2021-10-24 03:02:05,-3.8004,102.2655,78.6,83,99,3.83
34,Xining,CN,2021-10-24 03:02:05,36.6167,101.7667,45.18,68,99,1.14
35,Guskhara,IN,2021-10-24 03:02:05,23.5,87.75,78.62,74,9,4.29
36,Iquitos,PE,2021-10-24 03:02:06,-3.7481,-73.2472,74.35,95,56,2.42
37,Port Elizabeth,ZA,2021-10-24 03:00:24,-33.918,25.5701,56.19,68,3,10.45
38,Tiksi,RU,2021-10-24 03:02:06,71.6872,128.8694,3.16,94,100,10.25
39,Luena,AO,2021-10-24 03:02:07,-11.7833,19.9167,62.65,94,68,4.27
40,Napier,NZ,2021-10-24 03:00:26,-39.4833,176.9167,56.79,76,100,5.57
41,Gigmoto,PH,2021-10-24 03:02:07,13.7796,124.39,77.43,94,100,6.73
42,Alexander City,US,2021-10-24 03:02:07,32.944,-85.9539,57.49,100,1,0.0
43,Dunda,TZ,2021-10-24 03:02:08,-8.1167,34.25,66.61,64,51,3.38
44,Jamestown,US,2021-10-24 02:59:37,42.097,-79.2353,44.29,96,75,1.01
45,Umm Kaddadah,SD,2021-10-24 03:02:08,13.6017,26.6876,80.62,23,47,18.59
46,Barinas,VE,2021-10-24 03:02:09,8.6226,-70.2075,75.34,83,71,4.14
47,Hilo,US,2021-10-24 02:58:28,19.7297,-155.09,75.79,82,41,1.01
48,Thompson,CA,2021-10-24 02:58:04,55.7435,-97.8558,24.96,93,20,0.0
49,Kuzhithurai,IN,2021-10-24 03:02:09,8.3167,77.1833,80.28,82,100,4.76
50,Tasiilaq,GL,2021-10-24 03:02:10,65.6145,-37.6368,32.16,96,100,6.51
51,Chuy,UY,2021-10-24 03:02:10,-33.6971,-53.4616,54.07,95,41,7.74
52,Atuona,PF,2021-10-24 02:58:09,-9.8,-139.0333,78.15,78,17,18.41
53,Ribeira Grande,PT,2021-10-24 02:58:30,38.5167,-28.7,67.08,63,64,11.14
54,Severo-Kurilsk,RU,2021-10-24 03:00:37,50.6789,156.125,40.75,84,67,10.92
55,Port Hedland,AU,2021-10-24 03:00:33,-20.3167,118.5667,100.45,10,26,14.97
56,Najran,SA,2021-10-24 03:02:11,17.4924,44.1277,61.59,34,9,2.98
57,Pinyug,RU,2021-10-24 03:02:12,60.251,47.7842,35.53,93,72,3.42
58,Maneadero,MX,2021-10-24 03:02:12,31.7167,-116.5667,61.11,82,20,1.01
59,Nikolskoye,RU,2021-10-24 03:02:13,59.7035,30.7861,34.39,91,72,8.16
60,Sitka,US,2021-10-24 02:58:36,57.0531,-135.33,40.96,97,100,5.28
61,Cap Malheureux,MU,2021-10-24 03:02:13,-19.9842,57.6142,77.47,71,73,8.99
62,Hobart,AU,2021-10-24 03:00:11,-42.8794,147.3294,55.02,59,75,1.99
63,Avera,US,2021-10-24 02:59:55,33.194,-82.5271,59.72,63,0,3.02
64,San Ramon,US,2021-10-24 03:00:56,37.7799,-121.978,62.67,77,100,1.01
65,Prado,BR,2021-10-24 03:02:14,-17.3411,-39.2208,73.38,95,49,3.67
66,Arona,ES,2021-10-24 03:02:14,28.0996,-16.681,66.74,68,20,9.22
67,Dikson,RU,2021-10-24 03:02:15,73.5069,80.5464,9.19,86,100,15.61
68,Paamiut,GL,2021-10-24 03:02:15,61.994,-49.6678,31.26,42,94,5.23
69,Guatire,VE,2021-10-24 03:02:15,10.4762,-66.5427,78.21,98,88,2.48
70,Longyearbyen,SJ,2021-10-24 03:01:07,78.2186,15.6401,15.64,86,0,8.05
71,College,US,2021-10-24 03:02:16,64.8569,-147.8028,34.2,82,99,1.52
72,Walvis Bay,NA,2021-10-24 03:02:16,-22.9575,14.5053,58.08,92,4,8.3
73,Faanui,PF,2021-10-24 03:02:17,-16.4833,-151.75,76.87,85,82,15.03
74,Ponta Do Sol,PT,2021-10-24 03:02:17,32.6667,-17.1,70.43,65,15,6.06
75,Vaini,TO,2021-10-24 03:02:17,-21.2,-175.2,72.57,63,68,18.95
76,Carmen,MX,2021-10-24 03:02:18,18.6333,-91.8333,79.32,84,59,2.77
77,Provideniya,RU,2021-10-24 03:02:18,64.3833,-173.3,24.26,78,100,8.68
78,Verkhnyaya Toyma,RU,2021-10-24 03:02:18,62.2349,44.9985,29.75,88,81,5.23
79,Iqaluit,CA,2021-10-24 03:01:16,63.7506,-68.5145,31.69,88,100,17.0
80,Bilibino,RU,2021-10-24 02:58:27,68.0546,166.4372,-8.93,99,87,1.72
81,Narsaq,GL,2021-10-24 02:57:31,60.9167,-46.05,28.24,52,32,4.36
82,Torbay,CA,2021-10-24 03:02:19,47.6666,-52.7314,59.77,95,90,12.66
83,Katsuura,JP,2021-10-24 03:02:20,35.1333,140.3,62.71,51,13,6.31
84,East London,ZA,2021-10-24 02:58:14,-33.0153,27.9116,58.82,66,17,15.41
85,Narimanov,RU,2021-10-24 03:02:20,46.6927,47.8498,44.51,82,84,7.2
86,Vilyuysk,RU,2021-10-24 03:02:20,63.7553,121.6247,33.89,76,100,12.73
87,Barentu,ER,2021-10-24 03:02:21,15.1139,37.5928,73.35,52,1,5.01
88,New Norfolk,AU,2021-10-24 03:02:22,-42.7826,147.0587,54.66,53,100,4.0
89,Mount Isa,AU,2021-10-24 02:57:30,-20.7333,139.5,98.37,20,22,11.5
90,Kyzyl-Suu,KG,2021-10-24 03:02:22,42.3414,78.0056,36.01,41,0,2.37
91,Gogrial,SS,2021-10-24 03:02:23,8.5332,28.1004,75.15,72,59,3.47
92,Chauk,MM,2021-10-24 03:02:23,20.8833,94.8167,81.79,73,95,4.0
93,Alofi,NU,2021-10-24 03:02:24,-19.0595,-169.9187,74.01,65,99,20.56
94,Novoselitskoye,RU,2021-10-24 03:02:24,44.7508,43.4369,39.07,84,95,6.69
95,Mar Del Plata,AR,2021-10-24 03:02:25,-38.0023,-57.5575,50.88,74,1,1.01
96,Praia Da Vitoria,PT,2021-10-24 03:02:25,38.7333,-27.0667,64.76,77,8,9.91
97,Yulara,AU,2021-10-24 03:02:26,-25.2406,130.9889,80.44,19,3,18.41
98,Port Blair,IN,2021-10-24 03:02:26,11.6667,92.75,83.1,70,100,4.61
99,Cape Town,ZA,2021-10-24 02:58:40,-33.9258,18.4232,55.11,75,20,6.91
100,Cherskiy,RU,2021-10-24 03:02:26,68.75,161.3,-5.24,100,88,4.54
101,Meridian,US,2021-10-24 02:58:36,43.6121,-116.3915,52.72,78,100,5.01
102,Mehamn,NO,2021-10-24 03:02:27,71.0357,27.8492,36.5,63,98,18.39
103,Moerai,PF,2021-10-24 03:02:27,-22.4333,-151.3333,70.27,71,100,10.09
104,Bredasdorp,ZA,2021-10-24 03:02:28,-34.5322,20.0403,49.28,69,69,2.19
105,Vao,NC,2021-10-24 03:02:17,-22.6667,167.4833,72.52,74,3,13.69
106,Ereymentau,KZ,2021-10-24 03:02:28,51.6199,73.1033,43.63,74,34,18.19
107,Sechura,PE,2021-10-24 02:58:16,-5.5569,-80.8222,65.75,78,97,13.6
108,Skjervoy,NO,2021-10-24 03:02:29,70.0311,20.9714,39.6,50,94,12.77
109,Talnakh,RU,2021-10-24 03:02:29,69.4865,88.3972,23.02,90,100,5.93
110,Bethel,US,2021-10-24 03:02:29,41.3712,-73.414,54.05,86,98,3.18
111,Sakakah,SA,2021-10-24 03:02:30,29.9697,40.2064,65.82,37,0,5.14
112,Snezhnogorsk,RU,2021-10-24 03:02:30,69.1933,33.2531,20.98,87,50,17.16
113,Norman Wells,CA,2021-10-24 03:02:30,65.282,-126.8329,27.61,94,1,2.68
114,Nipawin,CA,2021-10-24 03:00:15,53.3668,-104.0009,34.97,73,3,12.01
115,Cabo San Lucas,MX,2021-10-24 02:59:44,22.8909,-109.9124,80.51,71,7,1.01
116,Port-Gentil,GA,2021-10-24 03:02:31,-0.7193,8.7815,77.52,84,100,7.85
117,Marrakesh,MA,2021-10-24 02:59:44,31.6315,-8.0083,59.07,55,0,2.3
118,Ancud,CL,2021-10-24 02:58:06,-41.8697,-73.8203,48.42,77,82,9.42
119,Kolokani,ML,2021-10-24 03:02:32,13.5728,-8.0339,76.28,72,90,2.06
120,Moche,PE,2021-10-24 03:02:32,-8.1711,-79.0092,63.01,89,44,8.03
121,Hithadhoo,MV,2021-10-24 03:02:32,-0.6,73.0833,82.8,73,100,12.75
122,Belaya Gora,RU,2021-10-24 03:02:33,68.5333,146.4167,-3.37,87,88,3.76
123,Tautira,PF,2021-10-24 03:02:33,-17.7333,-149.15,80.62,86,100,19.46
124,Lapy,PL,2021-10-24 03:02:34,52.9911,22.8842,37.49,77,100,10.45
125,Saldanha,ZA,2021-10-24 03:02:34,-33.0117,17.9442,56.43,72,0,8.7
126,Lorengau,PG,2021-10-24 03:02:34,-2.0226,147.2712,85.37,68,98,9.4
127,Port Lincoln,AU,2021-10-24 03:00:16,-34.7333,135.8667,60.69,58,13,10.69
128,Torres,BR,2021-10-24 03:02:35,-29.3353,-49.7269,67.82,92,100,3.27
129,Mount Gambier,AU,2021-10-24 03:02:35,-37.8333,140.7667,54.5,55,91,10.31
130,Dingle,PH,2021-10-24 03:02:35,10.9995,122.6711,85.48,72,66,3.31
131,Forte Dei Marmi,IT,2021-10-24 03:02:36,43.9648,10.1724,60.51,98,71,8.05
132,Lavrentiya,RU,2021-10-24 03:02:36,65.5833,-171.0,24.17,83,100,9.75
133,Basco,PH,2021-10-24 03:02:36,20.4487,121.9702,81.23,77,34,18.12
134,Kruisfontein,ZA,2021-10-24 03:02:37,-34.0033,24.7314,49.91,79,6,8.01
135,Ovsyanka,RU,2021-10-24 03:02:37,55.9575,92.5519,41.97,75,94,17.65
136,Whitianga,NZ,2021-10-24 03:02:38,-36.8333,175.7,61.02,94,100,11.61
137,Punta Arenas,CL,2021-10-24 02:58:08,-53.15,-70.9167,37.51,81,20,17.27
138,Jacareacanga,BR,2021-10-24 03:02:38,-6.2222,-57.7528,73.98,97,85,1.34
139,Atascadero,US,2021-10-24 03:02:18,35.4894,-120.6707,58.5,74,100,3.13
140,Acapulco,MX,2021-10-24 03:02:03,16.8634,-99.8901,75.69,87,100,9.33
141,Tuktoyaktuk,CA,2021-10-24 03:02:39,69.4541,-133.0374,24.64,93,75,4.7
142,Carnarvon,AU,2021-10-24 03:02:39,-24.8667,113.6333,80.1,51,0,12.59
143,Sao Jose Da Coroa Grande,BR,2021-10-24 03:02:39,-8.8978,-35.1478,77.65,85,32,10.25
144,Guerrero Negro,MX,2021-10-24 03:02:40,27.9769,-114.0611,66.47,81,8,17.72
145,Horta,PT,2021-10-24 03:02:40,38.5333,-28.6333,65.93,64,65,10.47
146,Udachnyy,RU,2021-10-24 03:02:40,66.4167,112.4,26.78,92,100,20.98
147,Codrington,AU,2021-10-24 03:02:41,-38.2667,141.9667,53.42,63,98,15.01
148,Jumla,NP,2021-10-24 03:02:41,29.2747,82.1838,56.41,59,1,1.9
149,Puqi,CN,2021-10-24 03:02:42,29.7167,113.8833,65.25,50,41,4.32
150,Timbiqui,CO,2021-10-24 03:02:42,2.7717,-77.6654,74.14,94,99,3.4
151,Paracatu,BR,2021-10-24 03:02:42,-17.2222,-46.8747,75.11,61,42,6.42
152,Tanabe,JP,2021-10-24 03:02:43,33.7333,135.3667,64.56,49,91,4.43
153,Kahului,US,2021-10-24 03:02:43,20.8947,-156.47,77.97,79,14,8.99
154,Tromso,NO,2021-10-24 03:02:43,69.6496,18.957,32.02,86,99,11.5
155,Rio Gallegos,AR,2021-10-24 03:02:44,-51.6226,-69.2181,38.57,64,91,22.91
156,Yellowknife,CA,2021-10-24 02:58:32,62.456,-114.3525,41.56,80,75,17.27
157,Berlevag,NO,2021-10-24 03:02:44,70.8578,29.0864,37.22,63,91,21.92
158,Jaisalmer,IN,2021-10-24 03:02:44,26.9147,70.9181,74.68,43,0,10.56
159,Isangel,VU,2021-10-24 03:02:45,-19.55,169.2667,77.97,73,20,12.8
160,Airai,TL,2021-10-24 03:02:45,-8.9266,125.4092,81.86,33,25,1.81
161,Paramonga,PE,2021-10-24 03:02:46,-10.6667,-77.8333,62.78,84,59,9.55
162,Lagoa,PT,2021-10-24 02:58:14,39.05,-27.9833,66.67,59,81,12.82
163,Olot,ES,2021-10-24 03:02:46,42.181,2.4901,52.29,54,0,4.14
164,Kununurra,AU,2021-10-24 03:02:46,-15.7667,128.7333,94.98,43,2,10.36
165,Touros,BR,2021-10-24 03:02:38,-5.1989,-35.4608,79.2,80,68,12.3
166,Bilma,NE,2021-10-24 03:02:47,18.6853,12.9164,79.25,16,27,5.59
167,Impfondo,CG,2021-10-24 03:02:47,1.6381,18.0667,69.73,99,86,2.93
168,Rawson,AR,2021-10-24 03:02:48,-43.3002,-65.1023,56.1,31,2,19.53
169,Berezovyy,RU,2021-10-24 03:02:48,51.6667,135.7,49.71,54,0,1.68
170,The Valley,AI,2021-10-24 03:00:28,18.217,-63.0578,82.81,73,56,17.83
171,Aneho,TG,2021-10-24 03:02:49,6.2333,1.6,78.76,82,99,1.81
172,Sefophe,BW,2021-10-24 03:02:49,-22.1833,27.9667,75.56,14,54,10.58
173,Bonthe,SL,2021-10-24 03:01:28,7.5264,-12.505,76.14,91,100,2.35
174,Rognan,NO,2021-10-24 03:02:50,67.0953,15.3878,35.74,73,100,6.87
175,Saint George,US,2021-10-24 02:58:37,37.1041,-113.5841,67.24,35,28,3.0
176,Sao Filipe,CV,2021-10-24 03:02:50,14.8961,-24.4956,78.53,68,10,9.1
177,Felanitx,ES,2021-10-24 03:02:50,39.4696,3.1483,63.95,80,53,8.86
178,Naze,JP,2021-10-24 03:02:51,28.3667,129.4833,70.57,65,99,20.45
179,Lata,PT,2021-10-24 03:00:37,40.1629,-8.3327,48.06,67,0,2.46
180,Hasaki,JP,2021-10-24 03:00:59,35.7333,140.8333,70.29,45,20,4.7
181,Kapaa,US,2021-10-24 03:02:52,22.0752,-159.319,82.38,82,75,1.99
182,Selizharovo,RU,2021-10-24 03:02:52,56.8519,33.4487,35.08,96,100,11.45
183,Le Port,RE,2021-10-24 03:02:52,-20.9373,55.2919,75.16,92,5,8.66
184,Hovd,MN,2021-10-24 03:02:53,48.0056,91.6419,39.16,29,18,4.07
185,Margate,GB,2021-10-24 03:02:53,51.3813,1.3862,55.9,76,15,5.01
186,Tomatlan,MX,2021-10-24 03:02:53,19.9333,-105.25,76.14,95,95,1.23
187,Fairbanks,US,2021-10-24 02:58:03,64.8378,-147.7164,34.61,82,99,1.32
188,Novyy Svit,UA,2021-10-24 03:02:54,47.8059,38.0211,45.86,58,51,5.37
189,Atbasar,KZ,2021-10-24 03:02:54,51.8,68.3333,44.71,88,69,14.09
190,Ishigaki,JP,2021-10-24 03:02:55,24.3448,124.1572,77.59,66,85,12.86
191,Hambantota,LK,2021-10-24 03:02:55,6.1241,81.1185,79.14,94,20,9.22
192,Balakliya,UA,2021-10-24 03:02:55,49.4627,36.8595,36.43,72,7,5.77
193,Vardo,NO,2021-10-24 03:02:56,70.3705,31.1107,36.57,66,69,23.85
194,Dillon,US,2021-10-24 03:02:56,34.4166,-79.3712,59.83,62,0,5.1
195,Pisco,PE,2021-10-24 03:02:57,-13.7,-76.2167,62.02,81,48,2.46
196,Bonavista,CA,2021-10-24 03:02:57,48.6499,-53.1147,56.12,100,100,7.07
197,Luganville,VU,2021-10-24 03:02:57,-15.5333,167.1667,83.44,73,34,8.81
198,Shimoda,JP,2021-10-24 03:02:58,34.6667,138.95,63.1,61,95,10.0
199,Puerto Penasco,MX,2021-10-24 03:02:58,31.3167,-113.5333,75.9,77,25,5.01
200,Ibra,OM,2021-10-24 03:02:58,22.6906,58.5334,73.56,70,0,1.1
201,Jatara,IN,2021-10-24 03:02:59,25.0167,79.05,75.16,55,0,3.78
202,Pinega,RU,2021-10-24 03:02:59,64.7001,43.3936,23.36,96,100,3.91
203,Los Llanos De Aridane,ES,2021-10-24 03:02:59,28.6585,-17.9182,64.15,77,90,7.0
204,Caravelas,BR,2021-10-24 03:03:00,-17.7125,-39.2481,74.39,90,95,3.33
205,Saskylakh,RU,2021-10-24 03:03:00,71.9167,114.0833,6.58,94,100,13.65
206,Valdivia,CL,2021-10-24 03:03:00,-39.8142,-73.2459,45.3,99,65,1.99
207,Broome,US,2021-10-24 03:01:56,42.2506,-75.833,44.2,87,90,1.01
208,Marystown,CA,2021-10-24 03:03:01,47.1666,-55.1483,58.86,100,100,1.01
209,Okhotsk,RU,2021-10-24 03:03:01,59.3833,143.3,23.72,63,1,16.6
210,Nanpiao,CN,2021-10-24 03:03:02,41.0982,120.7479,57.67,41,0,4.47
211,Kargasok,RU,2021-10-24 03:00:40,59.0556,80.8572,44.01,76,97,19.75
212,Carpinteria,US,2021-10-24 03:03:03,34.3989,-119.5185,65.7,75,93,2.26
213,Honiara,SB,2021-10-24 03:03:04,-9.4333,159.95,84.13,71,38,1.54
214,San Cristobal,VE,2021-10-24 03:03:04,7.7669,-72.225,66.47,98,100,2.21
215,Cockburn Town,TC,2021-10-24 03:03:04,21.4612,-71.1419,82.98,69,95,19.44
216,Puerto Madryn,AR,2021-10-24 03:03:05,-42.7692,-65.0385,57.43,28,5,23.55
217,Ozuluama,MX,2021-10-24 03:03:05,21.6667,-97.85,72.0,90,60,3.76
218,Cayenne,GF,2021-10-24 03:03:05,4.9333,-52.3333,79.09,90,90,3.0
219,Namibe,AO,2021-10-24 03:03:06,-15.1961,12.1522,63.55,73,78,5.3
220,Feijo,BR,2021-10-24 03:03:06,-8.1642,-70.3536,78.4,79,77,3.02
221,Ketchikan,US,2021-10-24 03:03:07,55.3422,-131.6461,43.59,88,100,12.5
222,Alexandria,EG,2021-10-24 03:03:07,31.2156,29.9553,70.02,70,2,5.73
223,Kachiry,KZ,2021-10-24 03:03:07,53.0675,76.1036,48.43,79,100,14.97
224,Shache,CN,2021-10-24 03:03:08,38.4167,77.2406,50.88,27,9,1.88
225,Guamuchil,MX,2021-10-24 03:03:08,25.4667,-108.1,78.75,78,0,1.45
226,Gladstone,AU,2021-10-24 03:03:08,-23.85,151.25,89.78,62,64,9.22
227,Clyde River,CA,2021-10-24 03:03:09,70.4692,-68.5914,17.15,84,92,11.54
228,Denpasar,ID,2021-10-24 03:03:09,-8.65,115.2167,85.71,70,20,10.36
229,Abreus,CU,2021-10-24 03:03:09,22.2775,-80.5675,74.61,89,87,4.25
230,Victoria,HK,2021-10-24 02:59:21,22.2855,114.1577,78.24,70,10,1.01
231,Gvarv,NO,2021-10-24 03:03:10,59.3875,9.1737,48.15,83,100,3.62
232,Kita,ML,2021-10-24 03:03:10,13.0349,-9.4895,73.72,90,85,1.81
233,Gorontalo,ID,2021-10-24 03:03:11,0.5412,123.0595,88.47,55,79,5.48
234,Alibag,IN,2021-10-24 03:03:11,18.6411,72.8792,78.87,78,4,7.05
235,Petropavlovsk-Kamchatskiy,RU,2021-10-24 03:00:56,53.0452,158.6483,41.59,61,75,4.47
236,Kirakira,SB,2021-10-24 03:03:12,-10.4544,161.9205,86.43,69,6,12.95
237,Ozinki,RU,2021-10-24 03:03:12,51.1786,49.6769,51.53,88,100,10.51
238,Ribas Do Rio Pardo,BR,2021-10-24 03:03:12,-20.4431,-53.7592,86.68,43,86,16.15
239,Kedrovyy,RU,2021-10-24 03:03:13,56.1667,91.8167,39.61,82,100,15.48
240,Takaka,NZ,2021-10-24 03:03:13,-40.85,172.8,56.55,97,100,2.71
241,Progreso,MX,2021-10-24 03:03:13,21.2833,-89.6667,75.11,82,85,10.78
242,Mahanje,TZ,2021-10-24 03:03:14,-9.9333,35.3333,62.26,78,29,3.36
243,Chara,RU,2021-10-24 03:03:14,56.9064,118.2631,37.76,51,100,1.7
244,Upernavik,GL,2021-10-24 03:02:56,72.7868,-56.1549,19.08,90,100,13.35
245,Bontang,ID,2021-10-24 03:03:15,0.1333,117.5,85.41,67,99,5.5
246,Romanovka,RU,2021-10-24 03:03:15,51.7443,42.7527,37.58,83,5,8.72
247,Luderitz,NA,2021-10-24 03:03:15,-26.6481,15.1594,56.32,69,0,15.08
248,Parral,MX,2021-10-24 03:03:16,26.9333,-105.6667,63.86,39,0,11.72
249,Coahuayana,MX,2021-10-24 03:03:16,18.7333,-103.6833,77.72,90,100,3.33
250,Prainha,BR,2021-10-24 03:03:16,-1.8,-53.48,78.89,77,66,1.77
251,Arlit,NE,2021-10-24 03:03:17,18.7369,7.3853,81.95,15,3,8.52
252,Constitucion,CL,2021-10-24 03:00:24,-35.3333,-72.4167,50.14,88,2,13.0
253,Sangar,RU,2021-10-24 03:03:17,63.9242,127.4739,19.9,95,100,8.61
254,Umea,SE,2021-10-24 03:03:18,63.8284,20.2597,21.9,93,100,0.0
255,Kodiak,US,2021-10-24 03:03:18,57.79,-152.4072,42.4,87,98,26.89
256,Hokitika,NZ,2021-10-24 03:03:18,-42.7167,170.9667,55.62,86,100,3.65
257,Kaputa,ZM,2021-10-24 03:03:19,-8.4689,29.6619,74.46,56,46,2.95
258,Geneva,US,2021-10-24 03:00:01,41.8875,-88.3054,46.76,74,37,5.86
259,Moree,AU,2021-10-24 03:03:19,-29.4667,149.85,83.32,18,2,19.28
260,Awjilah,LY,2021-10-24 03:03:20,29.1081,21.2869,69.24,39,12,10.83
261,Manado,ID,2021-10-24 03:02:26,1.487,124.8455,86.36,65,100,4.05
262,Pevek,RU,2021-10-24 03:01:09,69.7008,170.3133,9.23,91,100,5.28
263,Garowe,SO,2021-10-24 03:03:20,8.4054,48.4845,72.81,78,19,8.14
264,Kotaparh,IN,2021-10-24 03:03:21,19.15,82.35,73.65,75,70,1.5
265,Gandhidham,IN,2021-10-24 03:03:21,23.0833,70.1333,80.37,63,8,11.45
266,Tubuala,PA,2021-10-24 03:03:21,9.5167,-79.0333,80.33,88,25,7.74
267,Qurayyat,SA,2021-10-24 03:02:12,31.3318,37.3428,60.42,71,0,11.27
268,Palembang,ID,2021-10-24 03:00:10,-2.9167,104.7458,84.29,74,20,3.44
269,Kupang,ID,2021-10-24 03:03:22,-10.1667,123.5833,90.18,62,20,9.22
270,Council Bluffs,US,2021-10-24 03:03:22,41.2619,-95.8608,55.62,56,90,8.05
271,Gravelbourg,CA,2021-10-24 03:03:22,49.8834,-106.5512,46.87,53,100,15.43
272,Buraydah,SA,2021-10-24 03:03:10,26.326,43.975,71.51,25,0,9.24
273,Ginda,IN,2021-10-24 03:03:23,30.6945,78.4932,56.89,51,99,1.25
274,Sonderso,DK,2021-10-24 03:03:23,55.4853,10.2554,49.01,79,100,12.21
275,Mawlaik,MM,2021-10-24 03:03:24,23.6333,94.4167,82.2,61,3,1.52
276,Palmer,US,2021-10-24 02:59:21,42.1584,-72.3287,51.03,71,96,3.56
277,Cozumel,MX,2021-10-24 03:00:02,20.5083,-86.9458,82.0,87,53,4.0
278,Coihaique,CL,2021-10-24 03:00:29,-45.5752,-72.0662,38.97,96,100,7.2
279,Andenes,NO,2021-10-24 03:03:24,69.3143,16.1194,30.18,93,75,2.3
280,Praia,CV,2021-10-24 03:03:25,14.9215,-23.5087,77.54,78,20,16.11
281,Georgetown,MY,2021-10-24 03:01:24,5.4112,100.3354,87.73,74,20,6.91
282,Alihe,CN,2021-10-24 03:03:25,50.5667,123.7167,47.44,49,0,2.28
283,Ostrovnoy,RU,2021-10-24 03:03:26,68.0531,39.5131,24.71,90,76,17.78
284,Barabinsk,RU,2021-10-24 03:03:26,55.3571,78.357,46.92,80,81,16.69
285,Rosetown,CA,2021-10-24 03:03:26,51.5501,-108.0014,44.98,52,100,19.26
286,Esperance,AU,2021-10-24 03:03:27,-33.8667,121.9,73.87,39,15,12.55
287,Khatanga,RU,2021-10-24 03:03:27,71.9667,102.5,6.8,92,95,16.02
288,Kalia,BD,2021-10-24 03:03:27,23.0396,89.6328,80.89,67,17,5.7
289,Hamilton,US,2021-10-24 03:03:28,39.1834,-84.5333,55.58,90,90,0.0
290,Mildura,AU,2021-10-24 03:01:15,-34.2,142.15,68.07,39,3,10.47
291,Yuganets,RU,2021-10-24 03:03:28,56.2508,43.2307,37.29,89,100,9.33
292,Yashkul,RU,2021-10-24 03:03:29,46.1711,45.3435,54.28,57,100,8.21
293,Flin Flon,CA,2021-10-24 03:03:29,54.7682,-101.865,38.17,68,96,12.08
294,Beira,MZ,2021-10-24 03:03:29,-19.8436,34.8389,72.46,83,0,8.25
295,Qaanaaq,GL,2021-10-24 03:03:11,77.484,-69.3632,-1.59,59,0,7.87
296,Hervey Bay,AU,2021-10-24 03:03:30,-25.2986,152.8535,87.04,78,99,16.6
297,Secunda,ZA,2021-10-24 03:03:30,-26.55,29.1667,54.32,77,0,1.01
298,Matadi,CD,2021-10-24 03:03:31,-5.8167,13.45,77.67,87,100,2.1
299,San Patricio,US,2021-10-24 03:03:31,28.017,-97.5169,80.46,71,2,9.37
300,Nizwa,OM,2021-10-24 03:03:31,22.9333,57.5333,75.29,57,0,1.21
301,Biak,ID,2021-10-24 03:03:32,-0.9131,122.8766,84.49,60,45,2.53
302,Sangolqui,EC,2021-10-24 03:03:32,-0.3341,-78.4522,54.34,95,100,1.99
303,Chapais,CA,2021-10-24 03:02:45,49.7834,-74.8492,27.72,93,100,0.81
304,Nanortalik,GL,2021-10-24 03:03:33,60.1432,-45.2371,35.17,67,26,22.64
305,Monopoli,IT,2021-10-24 03:03:33,40.9559,17.2896,65.71,83,100,14.7
306,Filingue,NE,2021-10-24 03:03:33,14.3521,3.3168,82.72,57,70,7.0
307,Leningradskiy,RU,2021-10-24 03:03:34,69.3833,178.4167,10.44,95,100,8.39
308,Kavieng,PG,2021-10-24 03:03:34,-2.5744,150.7967,85.66,68,18,12.19
309,Puerto Del Rosario,ES,2021-10-24 03:03:35,28.5004,-13.8627,69.55,68,80,5.75
310,Asau,RO,2021-10-24 03:03:35,46.4333,26.4,42.76,66,97,0.72
311,Necochea,AR,2021-10-24 03:03:35,-38.5473,-58.7368,44.6,64,0,3.24
312,Lompoc,US,2021-10-24 03:03:14,34.6391,-120.4579,63.37,88,1,6.91
313,Rawatsar,IN,2021-10-24 03:03:36,29.2833,74.3833,70.68,69,100,18.95
314,Padang,ID,2021-10-24 03:00:48,-0.9492,100.3543,82.45,81,75,5.32
315,Changji,CN,2021-10-24 03:03:36,44.0167,87.3167,39.99,81,0,2.24
316,Kibala,TD,2021-10-24 03:03:37,9.1104,18.3463,74.25,83,100,1.1
317,Qui Nhon,VN,2021-10-24 03:03:37,13.7667,109.2333,78.67,89,100,14.07
318,Sola,VU,2021-10-24 03:03:37,-13.8833,167.55,81.23,77,9,16.55
319,Kudahuvadhoo,MV,2021-10-24 03:03:38,2.6708,72.8944,82.63,73,91,12.84
320,Charters Towers,AU,2021-10-24 03:03:38,-20.1,146.2667,95.7,26,46,12.71
321,Eydhafushi,MV,2021-10-24 03:03:39,5.1033,73.0708,82.76,71,93,13.29
322,Teguldet,RU,2021-10-24 03:03:39,57.3064,88.1667,42.53,88,100,16.37
323,Waipawa,NZ,2021-10-24 03:03:39,-41.4122,175.5153,58.03,65,97,7.92
324,Laguna,US,2021-10-24 03:00:33,38.421,-121.4238,62.6,76,90,4.61
325,Sao Joao Dos Patos,BR,2021-10-24 03:03:40,-6.495,-43.7022,72.41,89,87,0.98
326,Asfi,MA,2021-10-24 03:03:40,32.2994,-9.2372,62.51,82,5,12.59
327,Liaozhong,CN,2021-10-24 03:03:40,41.5061,122.7242,61.29,51,0,13.85
328,Sidney,AU,2021-10-24 02:59:33,-33.8679,151.2073,79.56,63,40,7.0
329,Muisne,EC,2021-10-24 03:03:41,0.6,-80.0333,76.12,85,100,7.02
330,Dohar,BD,2021-10-24 03:03:41,23.5883,90.1469,80.58,62,4,4.9
331,Beloha,MG,2021-10-24 03:03:42,-25.1667,45.05,68.63,78,0,3.09
332,Little Current,CA,2021-10-24 03:03:36,45.9793,-81.9248,46.49,76,96,6.98
333,Yuzhno-Kurilsk,RU,2021-10-24 03:03:42,44.0306,145.8556,54.52,56,37,8.95
334,Mosquera,CO,2021-10-24 03:02:41,4.7059,-74.2302,52.09,92,97,4.9
335,Ostersund,SE,2021-10-24 03:03:43,63.1792,14.6357,35.62,93,100,9.22
336,Lazaro Cardenas,MX,2021-10-24 03:02:23,17.9583,-102.2,77.41,87,100,3.71
337,Saint-Raphael,HT,2021-10-24 03:03:43,19.4333,-72.2,72.91,87,96,1.1
338,Gat,IL,2021-10-24 03:03:01,31.61,34.7642,66.81,100,2,2.57
339,Omboue,GA,2021-10-24 03:03:38,-1.5746,9.2618,74.98,91,100,3.11
340,Lakes Entrance,AU,2021-10-24 03:03:44,-37.8811,147.981,61.57,67,45,20.24
341,Aklavik,CA,2021-10-24 03:03:44,68.2191,-135.0107,22.91,95,82,3.09
342,Palauig,PH,2021-10-24 03:03:44,15.435,119.9045,84.33,66,100,1.63
343,Kawalu,ID,2021-10-24 03:03:45,-7.3817,108.2082,86.18,61,83,4.21
344,Kushiro,JP,2021-10-24 03:03:45,42.975,144.3747,53.62,64,0,14.05
345,Pokhara,NP,2021-10-24 03:02:09,28.2333,83.9833,69.33,67,9,2.53
346,Kuusamo,FI,2021-10-24 03:03:46,65.9667,29.1833,8.64,92,7,1.14
347,Preeceville,CA,2021-10-24 03:03:46,51.95,-102.6677,34.09,74,7,12.77
348,Westport,US,2021-10-24 02:59:58,41.1415,-73.3579,55.81,72,94,1.01
349,Cidreira,BR,2021-10-24 03:03:47,-30.1811,-50.2056,64.87,93,100,8.16
350,Labuan,MY,2021-10-24 03:01:37,5.2767,115.2417,84.36,78,100,8.9
351,Loding,NO,2021-10-24 03:03:47,67.3,14.75,35.65,65,20,8.99
352,Ossora,RU,2021-10-24 03:03:48,59.2353,163.0719,30.87,82,88,7.54
353,Tahta,EG,2021-10-24 03:03:48,26.7693,31.5021,66.06,56,0,10.27
354,Bosaso,SO,2021-10-24 03:03:48,11.2842,49.1816,77.38,63,78,2.82
355,Korla,CN,2021-10-24 03:03:49,41.7597,86.1469,51.85,34,50,4.09
356,Encheng,CN,2021-10-24 03:03:49,22.1839,112.3026,71.96,56,8,9.62
357,Buala,SB,2021-10-24 03:03:49,-8.145,159.5921,85.66,67,45,7.29
358,Idanre,NG,2021-10-24 03:03:50,7.1127,5.1159,68.81,98,92,0.89
359,Kyabe,TD,2021-10-24 03:03:50,9.4515,18.9449,74.57,81,100,2.37
360,Bac Lieu,VN,2021-10-24 03:03:51,9.285,105.7244,84.29,74,67,7.85
361,La Ronge,CA,2021-10-24 03:03:51,55.1001,-105.2842,36.57,76,6,16.69
362,Quelimane,MZ,2021-10-24 03:03:51,-17.8786,36.8883,70.99,78,4,3.94
363,Khash,IR,2021-10-24 03:03:52,28.2211,61.2158,55.11,12,0,0.45
364,Clarksdale,US,2021-10-24 03:03:52,34.2001,-90.5709,73.9,88,90,6.91
365,Fort Nelson,CA,2021-10-24 03:03:52,58.8053,-122.7002,40.48,88,100,3.76
366,Inhambane,MZ,2021-10-24 03:03:52,-23.865,35.3833,73.53,90,6,8.79
367,Pihani,IN,2021-10-24 03:03:53,27.6333,80.2,74.61,63,0,2.91
368,Sohag,EG,2021-10-24 03:00:57,26.557,31.6948,66.07,55,0,9.98
369,Tumpat,MY,2021-10-24 03:03:53,6.1978,102.171,86.94,71,68,0.85
370,Mecca,SA,2021-10-24 03:03:54,21.4267,39.8261,77.59,63,0,2.37
371,Robertsport,LR,2021-10-24 03:03:54,6.7533,-11.3686,77.34,85,100,3.31
372,Canyon,US,2021-10-24 03:03:54,34.9803,-101.9188,72.88,37,32,20.07
373,Ugoofaaru,MV,2021-10-24 03:03:55,5.6667,73.0,82.38,70,99,12.73
374,Zhigansk,RU,2021-10-24 03:03:55,66.7697,123.3711,22.78,92,90,10.54
375,Bantogon,PH,2021-10-24 03:03:56,6.5333,124.0333,84.42,68,84,6.73
376,Salmo,CA,2021-10-24 03:03:56,49.1999,-117.2689,46.78,97,100,2.75
377,Ashtabula,US,2021-10-24 03:03:56,41.7001,-80.7665,47.68,96,90,3.44
378,Brae,GB,2021-10-24 03:03:11,60.3964,-1.353,51.71,94,100,18.16
379,San Policarpo,PH,2021-10-24 03:03:57,12.1791,125.5072,83.84,76,100,8.28
380,Paita,PE,2021-10-24 03:03:57,-5.0892,-81.1144,65.37,83,96,12.33
381,Porto-Vecchio,FR,2021-10-24 03:03:58,41.591,9.2795,65.86,77,0,12.66
382,Nome,US,2021-10-24 03:03:58,64.5011,-165.4064,32.07,74,1,3.44
383,Lianzhou,CN,2021-10-24 03:03:58,24.7811,112.3825,68.47,55,0,7.4
384,Mnogovershinnyy,RU,2021-10-24 02:59:29,53.9353,139.9242,36.07,73,68,4.32
385,Sao Felix Do Xingu,BR,2021-10-24 03:00:42,-6.6447,-51.995,72.66,93,77,0.49
386,Ranong,TH,2021-10-24 03:01:49,9.9658,98.6348,82.98,75,100,4.76
387,Retz,AT,2021-10-24 03:03:59,48.7494,15.9624,40.3,75,4,1.12
388,Tarko-Sale,RU,2021-10-24 03:04:00,64.9225,77.785,31.37,87,82,14.56
389,Yanam,IN,2021-10-24 03:04:00,16.7333,82.2167,81.0,70,99,5.03
390,Camacari,BR,2021-10-24 03:00:52,-12.6975,-38.3242,74.46,96,65,4.81
391,Calvinia,ZA,2021-10-24 03:04:00,-31.4707,19.776,37.22,100,90,4.61
392,Presidencia Roque Saenz Pena,AR,2021-10-24 03:04:01,-26.7852,-60.4388,59.56,92,0,3.98
393,Bathsheba,BB,2021-10-24 03:04:01,13.2167,-59.5167,81.37,72,47,18.88
394,Berdigestyakh,RU,2021-10-24 03:04:02,62.0989,126.6992,35.01,96,100,10.09
395,Ayolas,PY,2021-10-24 03:04:02,-27.4,-56.9,62.91,92,99,11.5
396,Melfi,IT,2021-10-24 03:04:03,40.9965,15.6514,59.49,94,100,5.82
397,Uruacu,BR,2021-10-24 03:04:03,-14.5247,-49.1408,75.81,70,100,3.15
398,Hami,CN,2021-10-24 03:03:53,42.8,93.45,48.97,42,100,2.42
399,Srednekolymsk,RU,2021-10-24 03:04:04,67.45,153.6833,-1.8,88,36,3.18
400,Husavik,IS,2021-10-24 03:02:55,66.0449,-17.3389,39.65,96,100,3.67
401,Duiwelskloof,ZA,2021-10-24 03:04:04,-23.6934,30.14,66.85,62,15,9.75
402,Hirekerur,IN,2021-10-24 03:04:04,14.4667,75.3833,70.95,91,100,2.21
403,Komsomolskiy,UZ,2021-10-24 03:04:05,40.4272,71.7189,41.72,60,0,4.61
404,Serebryansk,KZ,2021-10-24 03:04:05,49.6925,83.2892,40.55,69,97,7.31
405,Tambura,SS,2021-10-24 03:04:06,5.6,27.4667,69.6,90,99,1.95
406,Caiaponia,BR,2021-10-24 03:04:06,-16.9567,-51.8103,75.4,65,7,10.09
407,Chanika,TZ,2021-10-24 03:04:06,-5.4167,38.0167,64.47,94,93,2.21
408,Seoul,KR,2021-10-24 03:03:57,37.5683,126.9778,63.01,37,7,3.15
409,Aksha,RU,2021-10-24 03:04:07,50.2814,113.2867,45.3,36,3,4.56
410,Imeni Zhelyabova,RU,2021-10-24 03:04:07,58.9544,36.5956,35.38,96,100,8.21
411,San Quintin,MX,2021-10-24 03:00:15,30.4833,-115.95,59.43,75,7,18.66
412,Souillac,MU,2021-10-24 03:04:08,-20.5167,57.5167,77.36,70,24,10.94
413,Tiznit,MA,2021-10-24 03:04:08,29.5833,-9.5,61.79,65,24,1.16
414,Douglas,US,2021-10-24 03:03:20,41.3,-96.167,55.27,58,90,5.99
415,Bauchi,NG,2021-10-24 03:04:08,10.5,10.0,74.39,76,100,2.66
416,San Jose,US,2021-10-24 03:01:33,37.3394,-121.895,64.11,68,90,16.11
417,Terme,TR,2021-10-24 03:04:09,41.2092,36.9739,54.97,64,71,3.89
418,Antofagasta,CL,2021-10-24 03:04:09,-23.65,-70.4,57.81,78,24,7.63
419,Muzhi,RU,2021-10-24 03:04:10,65.3667,64.6667,27.3,78,7,16.4
420,Sibi,PK,2021-10-24 03:04:10,29.5448,67.8764,75.49,11,0,4.12
421,Gotemba,JP,2021-10-24 03:04:10,35.3,138.9333,62.85,57,38,4.85
422,Casablanca,MA,2021-10-24 03:03:07,33.5928,-7.6192,66.33,82,21,11.01
423,Itoman,JP,2021-10-24 03:04:11,26.1247,127.6694,79.18,61,75,13.8
424,Saint-Francois,FR,2021-10-24 03:04:11,46.4154,3.9054,32.68,93,0,1.14
425,Cabedelo,BR,2021-10-24 03:00:46,-6.9811,-34.8339,79.03,76,36,11.56
426,Klyuchi,RU,2021-10-24 03:04:12,52.2667,79.1667,46.31,65,65,15.59
427,Port Augusta,AU,2021-10-24 03:04:12,-32.5,137.7667,73.71,29,0,11.52
428,Havre-Saint-Pierre,CA,2021-10-24 03:01:06,50.2334,-63.5986,45.18,91,100,9.01
429,Santa Cruz De Tenerife,ES,2021-10-24 03:04:13,28.4682,-16.2546,73.63,78,90,3.0
430,Dudinka,RU,2021-10-24 03:04:13,69.4058,86.1778,23.86,92,99,8.57
431,Santa Catarina De Tepehuanes,MX,2021-10-24 03:04:13,25.35,-105.7333,57.27,69,0,5.82
432,Tral,IN,2021-10-24 03:04:14,33.9333,75.1,43.23,89,95,1.39
433,Marquette,US,2021-10-24 03:04:14,46.5333,-87.6335,36.77,75,99,7.27
434,Porbandar,IN,2021-10-24 03:04:14,21.6422,69.6093,76.98,78,20,3.44
435,Vila Franca Do Campo,PT,2021-10-24 03:04:15,37.7167,-25.4333,64.81,84,91,6.29
436,Ekibastuz,KZ,2021-10-24 03:01:01,51.6667,75.3667,46.53,67,72,19.8
437,Kanigoro,ID,2021-10-24 03:04:15,-8.13,112.219,89.92,48,96,7.47
438,Santa Barbara,US,2021-10-24 03:04:16,34.7333,-120.0343,57.83,72,1,0.0
439,Arraial Do Cabo,BR,2021-10-24 03:04:16,-22.9661,-42.0278,70.92,89,22,31.9
440,Vestmanna,FO,2021-10-24 03:04:16,62.1564,-7.1664,47.32,100,90,9.22
441,Port Said,EG,2021-10-24 03:00:26,31.2565,32.2841,71.08,60,0,6.85
442,Aksarka,RU,2021-10-24 03:04:17,66.5606,67.7975,25.59,82,98,17.0
443,Tecpan,GT,2021-10-24 03:04:17,14.7623,-90.9947,57.45,95,95,0.63
444,Ambilobe,MG,2021-10-24 03:03:05,-13.2,49.05,75.74,83,97,2.93
445,Paka,MY,2021-10-24 03:04:18,4.6374,103.4368,85.3,68,86,3.85
446,Baykit,RU,2021-10-24 03:04:18,61.67,96.37,35.47,95,100,8.63
447,Surt,LY,2021-10-24 03:04:18,31.2089,16.5887,77.68,38,100,21.92
448,Trinidad,BO,2021-10-24 03:04:19,-14.8333,-64.9,89.83,44,28,7.23
449,Maragogi,BR,2021-10-24 03:04:19,-9.0122,-35.2225,77.38,86,32,9.69
450,Babstovo,RU,2021-10-24 03:04:19,48.1167,132.4833,53.98,38,0,9.19
451,La Rioja,ES,2021-10-24 03:04:03,42.25,-2.5,37.49,54,34,5.12
452,Dehloran,IR,2021-10-24 03:04:20,32.6941,47.2679,73.33,27,33,7.36
453,Lakatoro,VU,2021-10-24 03:04:20,-16.0999,167.4164,82.06,76,30,10.47
454,Kulhudhuffushi,MV,2021-10-24 03:04:21,6.6221,73.07,81.1,78,100,10.65
455,Kathmandu,NP,2021-10-24 03:04:21,27.7167,85.3167,68.22,83,75,0.0
456,Manggar,ID,2021-10-24 03:04:21,-2.8833,108.2667,85.5,65,77,6.91
457,Arroyo,ES,2021-10-24 03:04:22,41.6096,-4.7969,51.19,55,0,3.44
458,Krasnoselkup,RU,2021-10-24 03:04:22,65.7,82.4667,32.52,98,100,13.71
459,Sao Joao Da Barra,BR,2021-10-24 03:04:22,-21.6403,-41.0511,72.34,90,5,22.68
460,Bitung,ID,2021-10-24 03:04:23,1.4451,125.1824,85.24,66,100,4.83
461,Mobai,SL,2021-10-24 03:04:23,7.9944,-10.7511,71.55,99,100,0.13
462,Dongobesh,TZ,2021-10-24 03:04:23,-4.0667,35.3833,55.49,88,44,6.17
463,Nicoya,CR,2021-10-24 03:04:24,10.1483,-85.452,72.95,92,100,1.95
464,Maldonado,UY,2021-10-24 03:02:06,-34.6667,-54.9167,52.23,89,8,4.94
465,Kloulklubed,PW,2021-10-24 03:04:25,7.0419,134.2556,84.7,71,9,4.65
466,Gao,ML,2021-10-24 03:04:25,16.6362,1.637,84.42,41,84,8.43
467,Yumen,CN,2021-10-24 03:01:26,40.2833,97.2,45.88,30,78,4.72
468,Miyako,JP,2021-10-24 03:04:26,39.6367,141.9525,62.46,47,4,1.66
469,Belem De Sao Francisco,BR,2021-10-24 03:04:26,-8.7539,-38.9658,80.04,67,50,11.79
470,Sistranda,NO,2021-10-24 03:04:27,63.7256,8.834,41.9,85,100,21.32
471,San Clemente,US,2021-10-24 03:00:13,33.427,-117.612,65.3,85,76,2.93
472,Meulaboh,ID,2021-10-24 03:04:27,4.1363,96.1285,83.46,69,77,1.57
473,Half Moon Bay,US,2021-10-24 03:02:35,37.4636,-122.4286,64.17,79,90,1.99
474,Churapcha,RU,2021-10-24 03:04:28,62.0025,132.4325,27.68,97,100,9.22
475,Chamba,IN,2021-10-24 03:04:28,32.5667,76.1333,61.23,73,100,5.97
476,Morondava,MG,2021-10-24 03:04:28,-20.2833,44.2833,68.74,76,0,6.46
477,Marzuq,YE,2021-10-24 03:04:29,14.4,46.4667,66.9,35,99,2.98
478,Carire,BR,2021-10-24 03:04:29,-3.9506,-40.4733,80.22,67,100,4.99
479,Fortuna,US,2021-10-24 03:04:29,40.5982,-124.1573,60.1,91,90,1.01
480,Taunggyi,MM,2021-10-24 03:04:30,20.7833,97.0333,69.44,79,60,3.18
481,Itupiranga,BR,2021-10-24 03:04:30,-5.1347,-49.3267,73.29,92,45,0.78
482,Gualaquiza,EC,2021-10-24 03:04:30,-3.4,-78.55,63.91,99,100,1.48
483,Qaqortoq,GL,2021-10-24 03:04:31,60.7167,-46.0333,32.5,64,21,5.39
484,Vestmannaeyjar,IS,2021-10-24 03:03:12,63.4427,-20.2734,47.44,83,100,16.37
485,Makakilo City,US,2021-10-24 03:04:31,21.3469,-158.0858,79.12,64,1,6.91
486,Lugovskoy,RU,2021-10-24 03:04:32,56.9585,64.529,37.62,91,42,8.3
487,Tornio,FI,2021-10-24 03:04:32,65.8481,24.1466,6.82,83,92,5.06
488,Harlingen,US,2021-10-24 03:00:26,26.1906,-97.6961,80.89,96,0,10.07
489,Tanggu,CN,2021-10-24 03:04:32,39.0211,117.6469,60.76,40,1,5.97
490,Yuanping,CN,2021-10-24 03:04:33,38.7153,112.7575,52.92,46,61,1.95
491,Karratha,AU,2021-10-24 03:04:33,-20.7377,116.8463,92.98,21,6,18.28
492,Massafra,IT,2021-10-24 03:04:33,40.5888,17.117,64.76,87,100,10.0
493,Aleksandrovsk-Sakhalinskiy,RU,2021-10-24 03:04:34,50.8975,142.1561,43.77,75,29,16.46
494,Coquimbo,CL,2021-10-24 03:03:49,-29.9533,-71.3436,57.38,75,0,4.29
495,Rupert,US,2021-10-24 03:04:34,42.6191,-113.6772,49.44,61,90,8.05
496,Manyana,BW,2021-10-24 03:04:35,-23.4,21.7167,53.85,64,4,9.28
497,Muhoroni,KE,2021-10-24 03:04:35,-0.1541,35.1988,62.42,82,19,5.08
498,Trairi,BR,2021-10-24 03:00:23,-3.2778,-39.2689,79.57,79,22,10.36
499,Napoleon,US,2021-10-24 03:02:34,41.3923,-84.1252,45.23,68,14,1.97
500,Qasigiannguit,GL,2021-10-24 03:04:36,68.8193,-51.1922,23.25,95,100,4.85
501,Xuddur,SO,2021-10-24 03:04:36,4.1213,43.8894,71.28,93,2,8.61
502,Farmington,US,2021-10-24 03:02:46,36.7281,-108.2187,58.69,30,75,4.61
503,Port Hardy,CA,2021-10-24 03:04:37,50.6996,-127.4199,46.71,88,22,11.79
504,Kemijarvi,FI,2021-10-24 03:04:37,66.7131,27.4306,16.54,95,19,4.29
505,Santa Isabel Do Rio Negro,BR,2021-10-24 03:04:37,-0.4139,-65.0192,78.01,85,75,1.03
506,Lima,PE,2021-10-24 03:03:09,-12.0432,-77.0282,61.9,81,40,9.13
507,Chateauroux,FR,2021-10-24 03:04:38,46.8167,1.7,33.8,93,0,3.44
508,Phan Thiet,VN,2021-10-24 03:04:38,10.9333,108.1,84.36,69,98,0.38
509,Shenzhen,CN,2021-10-24 03:00:43,22.5455,114.0683,78.13,71,10,8.16
510,Zhuhai,CN,2021-10-24 03:04:39,22.2769,113.5678,75.78,73,40,20.71
511,Anadyr,RU,2021-10-24 03:03:57,64.75,177.4833,1.9,78,75,8.95
512,Nokaneng,BW,2021-10-24 03:04:39,-19.6667,22.2667,71.62,21,7,6.17
513,Grojec,PL,2021-10-24 03:04:40,51.8625,20.8676,39.58,92,17,6.98
514,Mirabad,AF,2021-10-24 03:04:40,30.4362,61.8383,57.16,29,0,9.95
515,Yar-Sale,RU,2021-10-24 03:04:40,66.8333,70.8333,27.82,90,96,12.48
516,Usogorsk,RU,2021-10-24 03:04:41,63.4106,48.6872,24.13,92,100,2.95
517,Olafsvik,IS,2021-10-24 03:04:41,64.8945,-23.7142,44.87,84,100,11.95
518,Olinda,BR,2021-10-24 03:03:07,-8.0089,-34.8553,80.33,78,75,8.05
519,Alcantara,BR,2021-10-24 03:04:42,-2.4089,-44.4147,80.8,90,40,6.91
520,Bambanglipuro,ID,2021-10-24 03:04:42,-7.95,110.2833,86.11,63,28,7.4
521,Tyukhtet,RU,2021-10-24 03:04:43,56.5389,89.3011,40.48,93,100,17.85
522,Mala Bilozerka,UA,2021-10-24 03:04:43,47.2474,34.9346,43.16,66,91,7.02
523,Tarakan,ID,2021-10-24 03:04:43,3.3,117.6333,87.3,70,20,4.61
524,Mangrol,IN,2021-10-24 03:04:44,21.1167,70.1167,81.36,61,42,8.34
525,Bud,US,2021-10-24 03:04:44,39.447,-86.1758,54.7,82,100,5.57
526,Hofn,IS,2021-10-24 03:04:44,64.2539,-15.2082,44.85,75,100,1.81
527,Toda Raisingh,IN,2021-10-24 03:04:45,26.0252,75.4849,72.5,62,0,8.23
528,Waingapu,ID,2021-10-24 03:04:45,-9.6567,120.2641,88.12,56,71,8.77
529,Flinders,AU,2021-10-24 03:04:45,-34.5833,150.8552,75.79,54,31,12.84
530,Abu Kamal,SY,2021-10-24 03:04:46,34.4506,40.9171,66.85,36,2,5.84
531,Uribia,CO,2021-10-24 03:00:22,11.7139,-72.266,82.62,74,39,16.87
532,Mahon,ES,2021-10-24 03:04:46,39.8885,4.2658,61.36,82,0,8.05
533,Marsh Harbour,BS,2021-10-24 03:04:47,26.5412,-77.0636,80.4,74,49,11.43
534,Roebourne,AU,2021-10-24 03:04:38,-20.7833,117.1333,91.65,24,17,18.19
535,Kisangani,CD,2021-10-24 03:04:47,0.5167,25.2,69.48,99,64,1.43
536,Olga,RU,2021-10-24 03:04:47,43.7444,135.2892,59.22,33,0,7.43
537,Yerbogachen,RU,2021-10-24 03:04:48,61.2767,108.0108,32.85,72,100,12.68
538,Geraldton,AU,2021-10-24 03:04:48,-28.7667,114.6,82.81,39,0,10.36
539,Nantucket,US,2021-10-24 03:03:11,41.2835,-70.0995,55.09,74,19,15.46
540,Ukiah,US,2021-10-24 03:02:05,39.1502,-123.2078,57.43,94,90,10.36
541,Christchurch,NZ,2021-10-24 03:03:31,-43.5333,172.6333,71.47,66,91,8.01
542,Portland,US,2021-10-24 03:02:34,45.5234,-122.6762,55.17,95,90,1.01
543,Vodnyy,RU,2021-10-24 03:04:49,63.5046,53.4095,23.9,95,59,3.09
544,Okakarara,NA,2021-10-24 03:04:49,-20.5833,17.4333,62.85,17,0,7.65
545,Rabo De Peixe,PT,2021-10-24 03:04:50,37.8,-25.5833,63.91,77,20,8.05
546,Ahipara,NZ,2021-10-24 03:04:50,-35.1667,173.1667,65.07,78,21,7.29
547,Ilava,SK,2021-10-24 03:04:50,48.9977,18.2353,37.63,91,6,2.57
548,Mitu,CO,2021-10-24 03:01:25,1.1983,-70.1733,72.81,98,73,2.42
549,Ardakan,IR,2021-10-24 03:04:51,32.31,54.0175,50.38,21,0,0.85
550,Dalbandin,PK,2021-10-24 03:04:51,28.8947,64.4101,57.69,16,0,5.17
551,Karad,IN,2021-10-24 03:04:52,17.2833,74.2,75.36,69,8,2.73
552,Ola,RU,2021-10-24 03:04:52,59.5833,151.2833,28.26,60,100,10.38
553,Araouane,ML,2021-10-24 03:04:52,18.9048,-3.5265,82.65,23,14,8.23
554,Garissa,KE,2021-10-24 03:04:53,-0.4536,39.6401,74.84,79,14,7.72
555,Pandan,PH,2021-10-24 03:04:53,14.0453,124.1694,78.01,91,100,7.94
556,Huarmey,PE,2021-10-24 03:02:03,-10.0681,-78.1522,63.46,85,28,10.96
557,Parry Sound,CA,2021-10-24 03:00:53,45.3501,-80.033,44.91,84,71,2.98
558,Verkhnyaya Inta,RU,2021-10-24 03:04:54,65.9811,60.3094,21.79,96,77,13.44
559,Tolstoy-Yurt,RU,2021-10-24 03:04:54,43.4444,45.7722,39.52,93,0,4.47
